low,high
0.60659276612765,0.7087583566653334
0.457413862065025,0.6449048625792815
0.2256610642657172,0.4483820516378668
0.04143461189972941,0.16392532671602544
